{
    "employees": [
    {
    "firstName": "Manavv",
    "lastName": "Pandya",
    "email": "manav@capgemini.com",
    "phone": "9856763432",
    "id": 1
    },
    {
    "firstName": "Pratibha",
    "lastName": "test",
    "email": "test@cognizant.com",
    "phone": "9856763432",
    "id": 2
    },
    {
    "firstName": "Pratiksha",
    "lastName": "test1",
    "email": "test1@cognniant.com",
    "phone": "9856763432",
    "id": 3
    },
    {
    "firstName": "test2",
    "lastName": "test2",
    "email": "test2@cognizant.com",
    "phone": "8767564323",
    "id": 4
    },
    {
    "firstName": "test3",
    "lastName": "test3",
    "email": "test3@cognizant.com",
    "phone": "9878765645",
    "id": 5
    },
    {
      "firstName": "Manavv",
      "lastName": "Pandya",
      "email": "manav@capgemini.com",
      "phone": "9856763432",
      "id": 6
      },
      {
        "firstName": "Manavv",
        "lastName": "Pandya",
        "email": "manav@capgemini.com",
        "phone": "9856763432",
        "id": 7
        }
    ]
    }
   